{
  "epoch": [
    1,
    2,
    3,
    4,
    5,
    6,
    7,
    8,
    9,
    10,
    11,
    12
  ],
  "train_loss": [
    0.013631821115733172,
    0.01299145104707521,
    0.012889378215520646,
    0.012832837589653728,
    0.012802722615602651,
    0.012780581530117373,
    0.012763698191478485,
    0.012757442333954956,
    0.012746361875546139,
    0.012744051352904243,
    0.012739792537882292,
    0.012741772687376626
  ],
  "val_loss": [
    0.0011053236432232952,
    0.0009103380405768071,
    0.0015071238553754879,
    0.0009244637248795133,
    0.00114911456239975,
    0.001108245138043138,
    0.0010535170727615183,
    0.0012714474654304394,
    0.0011051390890231055,
    0.0009296159701907276,
    0.0013227372734325798,
    0.0016678760602402485
  ],
  "val_rmse": [
    0.033246407974746615,
    0.030171808705757218,
    0.03882169310289658,
    0.030404995064619123,
    0.03389859233655212,
    0.033290315979923324,
    0.03245792773362955,
    0.035657362008853645,
    0.0332436323079038,
    0.03048960429705062,
    0.036369455225952724,
    0.040839638346100084
  ],
  "best_epoch": 2,
  "best_val_loss": 0.0009103380405768071,
  "stopped_epoch": 12
}